{
  "train_loss": [
    34.64956045150757,
    26.499885534628845,
    17.72240055524386,
    8.733350917314871,
    5.976791560649872,
    3.2512605618207884,
    2.9537493200638356,
    2.3700680343004374,
    2.1099836998260937,
    2.020156643138482,
    2.704520092751735,
    1.721207972520437,
    1.9818679832208614,
    1.4992780389311986,
    1.0421096718846223,
    1.5769165047468283,
    2.062335777263611,
    1.6914948449016383,
    1.709812952253299,
    1.2380148428372848,
    1.2516279071569443,
    1.3125049496690433,
    1.0666714703652243,
    1.3479641546996741,
    1.1441621934183133,
    0.8239473234384488,
    0.6820343092848093,
    0.7297572305378242,
    0.9496097869287508,
    1.1883472323608704,
    1.244100305132377,
    1.3893501584728558,
    0.9045942920284011,
    1.0038266811543741,
    0.8381029908330395,
    0.7374968045892624,
    0.7583309218335228,
    0.4745801161640348,
    0.6127023604244758,
    0.6401164067807631,
    0.6334800428079549,
    0.813458868874034,
    0.610302707962453,
    0.572694135790255,
    0.47420882991578905,
    0.4915416987058005,
    0.4303848951568421,
    0.4282323763293859,
    0.3701988598880304,
    0.4992997363193493,
    0.521537117271808,
    0.3202800426375828,
    0.40872428878150785,
    0.3213950489542838,
    0.2785470053668877,
    0.37395250138869857,
    0.31131792877306746,
    0.38520485504156965,
    0.2865112965030279,
    0.32131432061778936,
    0.23961082605441894,
    0.394058607125678,
    0.28299052195186447,
    0.24719267947483997,
    0.4414433339718529,
    0.4390748079023559,
    0.31616369824619084,
    0.44288358091692387,
    0.2809933012594439,
    0.24363716365312427,
    0.214943687415225,
    0.2662491772031363,
    0.3187812426512689,
    0.3681632629726659,
    0.3058633304309981,
    0.2704491024616434,
    0.23608923968948567,
    0.19050862348002248,
    0.21973490295192732,
    0.21848438458744476,
    0.21046432790380537,
    0.270625303305213,
    0.28950423857799823,
    0.24148058070544465,
    0.357499573668959,
    0.2808369190504713,
    0.25072104626706976,
    0.26036668174147354,
    0.14272077647749754,
    0.2523470438662419,
    0.17968978747749076,
    0.2432666903360034,
    0.21671860389417893,
    0.21510058240024937,
    0.18527804885637084,
    0.298145426279535,
    0.26638001787701465,
    0.2518710412799196,
    0.14286466455264518,
    0.20616269890310598
  ],
  "train_acc": [
    36.69871794871795,
    44.23076923076923,
    47.99679487179487,
    53.205128205128204,
    57.7724358974359,
    63.46153846153846,
    64.50320512820512,
    68.10897435897436,
    70.67307692307692,
    72.27564102564102,
    71.875,
    71.47435897435898,
    75.48076923076923,
    75.88141025641026,
    78.28525641025641,
    78.76602564102564,
    74.11858974358974,
    78.2051282051282,
    78.60576923076923,
    80.92948717948718,
    80.76923076923077,
    80.36858974358974,
    79.6474358974359,
    83.17307692307692,
    83.17307692307692,
    86.85897435897436,
    87.33974358974359,
    87.82051282051282,
    88.9423076923077,
    87.09935897435898,
    85.8173076923077,
    85.65705128205128,
    86.13782051282051,
    87.25961538461539,
    86.93910256410257,
    87.90064102564102,
    88.70192307692308,
    89.90384615384616,
    90.38461538461539,
    92.94871794871794,
    90.94551282051282,
    90.86538461538461,
    90.94551282051282,
    92.38782051282051,
    93.18910256410257,
    93.02884615384616,
    92.94871794871794,
    94.47115384615384,
    95.1923076923077,
    93.91025641025641,
    94.55128205128206,
    93.99038461538461,
    94.47115384615384,
    95.67307692307692,
    95.67307692307692,
    96.07371794871794,
    94.95192307692308,
    94.95192307692308,
    95.75320512820512,
    95.2724358974359,
    95.83333333333333,
    95.75320512820512,
    95.99358974358974,
    96.07371794871794,
    95.51282051282051,
    95.75320512820512,
    95.91346153846153,
    96.47435897435898,
    96.39423076923077,
    96.47435897435898,
    97.19551282051282,
    96.55448717948718,
    96.55448717948718,
    97.19551282051282,
    97.03525641025641,
    97.27564102564102,
    97.51602564102564,
    96.875,
    97.19551282051282,
    97.03525641025641,
    98.07692307692308,
    97.59615384615384,
    96.55448717948718,
    96.875,
    96.23397435897436,
    96.9551282051282,
    96.71474358974359,
    97.11538461538461,
    97.59615384615384,
    97.51602564102564,
    97.03525641025641,
    97.75641025641026,
    97.51602564102564,
    96.7948717948718,
    97.91666666666667,
    97.03525641025641,
    97.19551282051282,
    97.43589743589743,
    97.75641025641026,
    97.67628205128206
  ],
  "val_loss": [
    16.199627300626354,
    44.095165019718856,
    46.97361575178825,
    2.430689853383228,
    3.4854310760151987,
    1.6800904183795577,
    1.8870814417635924,
    36.515242025452224,
    3.715278380795529,
    9.685287248931433,
    1.048130652328071,
    6.422639718181209,
    3.014875816475404,
    7.1282184207643455,
    0.5914493848226572,
    16.02425331895632,
    11.410023287330803,
    113.96941615087398,
    5.245767177131615,
    8.967810647856249,
    11.668483657076171,
    0.6585903016752318,
    0.7844802733314665,
    26.740939498241794,
    30.980799512643564,
    5.374550832337455,
    4.279585644063589,
    2.7671094093177664,
    0.8417883171687687,
    0.7015762779935214,
    0.3523655828995336,
    0.5046651865868625,
    1.8986713038481724,
    0.5104539166449716,
    5.405828290667973,
    1.8282312622820762,
    0.4249651389392583,
    0.7279764425168794,
    1.6837334276765192,
    0.4835455405715804,
    0.9923887191046226,
    1.1720259406260753,
    1.8031705620263605,
    4.922807575807,
    5.587796406722383,
    0.9148515582338931,
    0.4074788476757117,
    1.1740880477306124,
    0.36622921131186703,
    1.6912930860325057,
    0.45078578890963017,
    0.31477221009615614,
    0.2775814722531083,
    0.848532878577795,
    0.4281606082352626,
    0.2922995569564304,
    0.38472933005878557,
    0.40183730994144035,
    0.45248281346683045,
    1.2968491187061055,
    0.3387917088494808,
    0.3197033686636515,
    0.4025604051722008,
    0.44199565166414495,
    0.8313907715752353,
    0.27558031931862625,
    0.5258134710446891,
    0.7520564578214697,
    0.36881484850470625,
    0.9318720998922608,
    0.4873298014782976,
    1.4288731425059316,
    1.046872817623616,
    1.2758958120845676,
    0.6532165735576487,
    0.5035161061741268,
    0.48508182150238244,
    4.894704226044747,
    0.3350954658037249,
    0.594776981325451,
    0.43508018789917086,
    1.1697631726791242,
    1.8325234654468276,
    0.5273372665040753,
    0.4319102344079989,
    0.47399023113891753,
    10.627503581087455,
    0.4318379974706898,
    0.37988273728804317,
    0.3620225733224958,
    0.3467099726939954,
    0.3943214755673628,
    0.625839163111921,
    1.7082085602918309,
    0.49605279090323356,
    0.9336663217782667,
    0.40756920635928845,
    0.4178867300051934,
    1.0705754524848377,
    2.3900432360693995
  ],